{
  "p50": 0.005959,
  "p95": 0.02575,
  "p99": 0.067041,
  "max": 0.531,
  "throughput": 167813.39150864238
}